{
    "root_group": {
        "id": "d41d8cd98f00b204e9800998ecf8427e",
        "groups": {},
        "checks": {
                "health http 200": {
                    "name": "health http 200",
                    "path": "::health http 200",
                    "id": "f922f945b0e09d3dc1708dcbb46a06dc",
                    "passes": 67884,
                    "fails": 0
                }
            },
        "name": "",
        "path": ""
    },
    "metrics": {
        "http_req_failed{endpoint:health}": {
            "passes": 0,
            "fails": 67884,
            "thresholds": {
                "rate<0.01": false
            },
            "value": 0
        },
        "http_req_failed": {
            "passes": 0,
            "fails": 67884,
            "value": 0
        },
        "vus": {
            "max": 2,
            "value": 2,
            "min": 2
        },
        "http_req_duration{endpoint:health}": {
            "med": 0.780394,
            "p(90)": 0.9955408000000001,
            "p(95)": 1.0641368500000001,
            "p(99)": 1.4064849899999998,
            "max": 41.960857,
            "avg": 0.8348336914442216,
            "min": 0.465812,
            "thresholds": {
                "p(95)<100": false
            }
        },
        "data_received": {
            "count": 14187756,
            "rate": 472907.00903288205
        },
        "http_reqs": {
            "count": 67884,
            "rate": 2262.7129618798185
        },
        "http_req_receiving": {
            "med": 0.075504,
            "p(90)": 0.1218327,
            "p(95)": 0.1343057,
            "p(99)": 0.1886768499999998,
            "max": 2.392232,
            "avg": 0.08209168449119049,
            "min": 0.008072
        },
        "data_sent": {
            "count": 5159184,
            "rate": 171966.1851028662
        },
        "iterations": {
            "count": 67884,
            "rate": 2262.7129618798185
        },
        "http_req_connecting": {
            "p(90)": 0,
            "p(95)": 0,
            "p(99)": 0,
            "max": 0.890307,
            "avg": 0.000018480024748099697,
            "min": 0,
            "med": 0
        },
        "vus_max": {
            "value": 2,
            "min": 2,
            "max": 2
        },
        "http_req_blocked": {
            "p(90)": 0.0025047000000000042,
            "p(95)": 0.003206849999999999,
            "p(99)": 0.0054715099999999945,
            "max": 1.012347,
            "avg": 0.0016981906782157915,
            "min": 0.000874,
            "med": 0.001313
        },
        "http_req_tls_handshaking": {
            "avg": 0,
            "min": 0,
            "med": 0,
            "p(90)": 0,
            "p(95)": 0,
            "p(99)": 0,
            "max": 0
        },
        "http_req_sending": {
            "avg": 0.004873073507748487,
            "min": 0.002571,
            "med": 0.00381,
            "p(90)": 0.00743,
            "p(95)": 0.00952,
            "p(99)": 0.016171679999999994,
            "max": 0.328023
        },
        "http_req_duration": {
            "max": 41.960857,
            "avg": 0.8348336914442216,
            "min": 0.465812,
            "med": 0.780394,
            "p(90)": 0.9955408000000001,
            "p(95)": 1.0641368500000001,
            "p(99)": 1.4064849899999998
        },
        "http_req_duration{expected_response:true}": {
            "p(99)": 1.4064849899999998,
            "max": 41.960857,
            "avg": 0.8348336914442216,
            "min": 0.465812,
            "med": 0.780394,
            "p(90)": 0.9955408000000001,
            "p(95)": 1.0641368500000001
        },
        "http_req_waiting": {
            "p(99)": 1.2766628499999988,
            "max": 41.87367,
            "avg": 0.7478689334452914,
            "min": 0.379685,
            "med": 0.6977985,
            "p(90)": 0.9063142000000001,
            "p(95)": 0.96639405
        },
        "checks": {
            "passes": 67884,
            "fails": 0,
            "value": 1
        },
        "iteration_duration": {
            "p(90)": 1.0414998,
            "p(95)": 1.12225665,
            "p(99)": 1.5058731499999998,
            "max": 42.122989,
            "avg": 0.8790082484385037,
            "min": 0.57751,
            "med": 0.8203515
        }
    }
}