{
    "root_group": {
        "groups": {},
        "checks": {
                "health http 200": {
                    "path": "::health http 200",
                    "id": "f922f945b0e09d3dc1708dcbb46a06dc",
                    "passes": 67791,
                    "fails": 0,
                    "name": "health http 200"
                }
            },
        "name": "",
        "path": "",
        "id": "d41d8cd98f00b204e9800998ecf8427e"
    },
    "metrics": {
        "http_req_blocked": {
            "min": 0.000902,
            "med": 0.001329,
            "p(90)": 0.002543,
            "p(95)": 0.003207,
            "p(99)": 0.005537200000000012,
            "max": 0.431873,
            "avg": 0.0017137073357820524
        },
        "http_req_duration{endpoint:health}": {
            "med": 0.779205,
            "p(90)": 0.994507,
            "p(95)": 1.0653905,
            "p(99)": 1.4450131000000073,
            "max": 42.644664,
            "avg": 0.8354989665442313,
            "min": 0.434979,
            "thresholds": {
                "p(95)<100": false
            }
        },
        "http_reqs": {
            "count": 67791,
            "rate": 2259.655650039844
        },
        "data_received": {
            "count": 14168319,
            "rate": 472268.0308583274
        },
        "http_req_connecting": {
            "max": 0.311487,
            "avg": 0.000008779793777935124,
            "min": 0,
            "med": 0,
            "p(90)": 0,
            "p(95)": 0,
            "p(99)": 0
        },
        "http_req_tls_handshaking": {
            "max": 0,
            "avg": 0,
            "min": 0,
            "med": 0,
            "p(90)": 0,
            "p(95)": 0,
            "p(99)": 0
        },
        "iterations": {
            "count": 67791,
            "rate": 2259.655650039844
        },
        "http_req_duration": {
            "max": 42.644664,
            "avg": 0.8354989665442313,
            "min": 0.434979,
            "med": 0.779205,
            "p(90)": 0.994507,
            "p(95)": 1.0653905,
            "p(99)": 1.4450131000000073
        },
        "vus": {
            "min": 2,
            "max": 2,
            "value": 2
        },
        "data_sent": {
            "rate": 171733.82940302815,
            "count": 5152116
        },
        "vus_max": {
            "max": 2,
            "value": 2,
            "min": 2
        },
        "checks": {
            "fails": 0,
            "passes": 67791,
            "value": 1
        },
        "http_req_waiting": {
            "p(95)": 0.966418,
            "p(99)": 1.3045138000000016,
            "max": 42.585254,
            "avg": 0.7484889499343628,
            "min": 0.372145,
            "med": 0.697442,
            "p(90)": 0.905343
        },
        "http_req_sending": {
            "p(95)": 0.0095375,
            "p(99)": 0.015908,
            "max": 0.780344,
            "avg": 0.004904416013925237,
            "min": 0.002687,
            "med": 0.003866,
            "p(90)": 0.00747
        },
        "http_req_duration{expected_response:true}": {
            "p(99)": 1.4450131000000073,
            "max": 42.644664,
            "avg": 0.8354989665442313,
            "min": 0.434979,
            "med": 0.779205,
            "p(90)": 0.994507,
            "p(95)": 1.0653905
        },
        "http_req_failed{endpoint:health}": {
            "passes": 0,
            "fails": 67791,
            "thresholds": {
                "rate<0.01": false
            },
            "value": 0
        },
        "http_req_failed": {
            "passes": 0,
            "fails": 67791,
            "value": 0
        },
        "http_req_receiving": {
            "p(95)": 0.134326,
            "p(99)": 0.19051650000000084,
            "max": 0.924281,
            "avg": 0.08210560059594812,
            "min": 0.007921,
            "med": 0.075463,
            "p(90)": 0.122112
        },
        "iteration_duration": {
            "p(90)": 1.039806,
            "p(95)": 1.125307,
            "p(99)": 1.5535776000000026,
            "max": 42.753235,
            "avg": 0.8801181934327483,
            "min": 0.528791,
            "med": 0.820057
        }
    }
}