{
    "metrics": {
        "http_reqs": {
            "count": 160,
            "rate": 5.278127889296792
        },
        "iterations": {
            "count": 160,
            "rate": 5.278127889296792
        },
        "http_req_connecting": {
            "avg": 0.004021975,
            "min": 0,
            "med": 0,
            "p(90)": 0,
            "p(95)": 0,
            "p(99)": 0.13174160999999893,
            "max": 0.322195
        },
        "http_req_failed{endpoint:signup}": {
            "fails": 160,
            "passes": 0,
            "thresholds": {
                "rate<0.01": false
            },
            "value": 0
        },
        "http_req_tls_handshaking": {
            "med": 0,
            "p(90)": 0,
            "p(95)": 0,
            "p(99)": 0,
            "max": 0,
            "avg": 0,
            "min": 0
        },
        "http_req_sending": {
            "med": 0.034444,
            "p(90)": 0.0505737,
            "p(95)": 0.06527919999999994,
            "p(99)": 0.11510886999999995,
            "max": 0.14763,
            "avg": 0.03734445,
            "min": 0.012343
        },
        "vus_max": {
            "max": 2,
            "value": 2,
            "min": 2
        },
        "http_req_waiting": {
            "max": 460.890178,
            "avg": 377.93256898125014,
            "min": 311.69449,
            "med": 386.21371650000003,
            "p(90)": 399.6314003,
            "p(95)": 432.12072455,
            "p(99)": 447.2935911699999
        },
        "iteration_duration": {
            "med": 387.278845,
            "p(90)": 400.6527961,
            "p(95)": 432.94400835,
            "p(99)": 448.6186420199999,
            "max": 462.3251,
            "avg": 378.89036194375007,
            "min": 312.115658
        },
        "http_req_duration": {
            "p(99)": 447.97932045999994,
            "max": 461.25895,
            "avg": 378.5444322375001,
            "min": 311.832064,
            "med": 386.95989,
            "p(90)": 400.3038827,
            "p(95)": 432.57004259999997
        },
        "http_req_duration{expected_response:true}": {
            "p(99)": 447.97932045999994,
            "max": 461.25895,
            "avg": 378.5444322375001,
            "min": 311.832064,
            "med": 386.95989,
            "p(90)": 400.3038827,
            "p(95)": 432.57004259999997
        },
        "data_received": {
            "count": 41534,
            "rate": 1370.1360234628312
        },
        "http_req_receiving": {
            "max": 1.916787,
            "avg": 0.5745188062500002,
            "min": 0.05752,
            "med": 0.368889,
            "p(90)": 1.3456286,
            "p(95)": 1.3865653999999998,
            "p(99)": 1.7660934999999998
        },
        "checks": {
            "passes": 320,
            "fails": 0,
            "value": 1
        },
        "vus": {
            "value": 2,
            "min": 2,
            "max": 2
        },
        "data_sent": {
            "rate": 1735.8443095924827,
            "count": 52620
        },
        "http_req_duration{endpoint:signup}": {
            "p(99)": 447.97932045999994,
            "max": 461.25895,
            "avg": 378.5444322375001,
            "min": 311.832064,
            "med": 386.95989,
            "p(90)": 400.3038827,
            "p(95)": 432.57004259999997,
            "thresholds": {
                "p(95)<600": false
            }
        },
        "http_req_failed": {
            "passes": 0,
            "fails": 160,
            "value": 0
        },
        "http_req_blocked": {
            "avg": 0.01316780625,
            "min": 0.00265,
            "med": 0.0072955,
            "p(90)": 0.0118546,
            "p(95)": 0.01364589999999999,
            "p(99)": 0.20390310999999883,
            "max": 0.413962
        }
    },
    "root_group": {
        "name": "",
        "path": "",
        "id": "d41d8cd98f00b204e9800998ecf8427e",
        "groups": {},
        "checks": {
                "signup http 200/201": {
                    "name": "signup http 200/201",
                    "path": "::signup http 200/201",
                    "id": "f6f6af853766fc4a67835369aefbc597",
                    "passes": 160,
                    "fails": 0
                },
                "signup has userId": {
                    "name": "signup has userId",
                    "path": "::signup has userId",
                    "id": "5521ad9a1b09daa79ac3000a3b87badd",
                    "passes": 160,
                    "fails": 0
                }
            }
    }
}