{
    "root_group": {
        "id": "d41d8cd98f00b204e9800998ecf8427e",
        "groups": {},
        "checks": {
                "signup http 200/201": {
                    "name": "signup http 200/201",
                    "path": "::signup http 200/201",
                    "id": "f6f6af853766fc4a67835369aefbc597",
                    "passes": 52,
                    "fails": 0
                },
                "signup has userId": {
                    "fails": 0,
                    "name": "signup has userId",
                    "path": "::signup has userId",
                    "id": "5521ad9a1b09daa79ac3000a3b87badd",
                    "passes": 52
                }
            },
        "name": "",
        "path": ""
    },
    "metrics": {
        "http_req_duration{endpoint:signup}": {
            "p(90)": 408.6508791,
            "p(95)": 422.17146809999997,
            "p(99)": 497.64471794000013,
            "max": 539.737673,
            "avg": 385.2675434807692,
            "min": 313.768695,
            "med": 388.05895250000003,
            "thresholds": {
                "p(95)<600": false
            }
        },
        "http_req_connecting": {
            "med": 0,
            "p(90)": 0,
            "p(95)": 0,
            "p(99)": 0.11295774000000046,
            "max": 0.230526,
            "avg": 0.004433192307692308,
            "min": 0
        },
        "http_req_tls_handshaking": {
            "avg": 0,
            "min": 0,
            "med": 0,
            "p(90)": 0,
            "p(95)": 0,
            "p(99)": 0,
            "max": 0
        },
        "http_req_sending": {
            "avg": 0.04234505769230769,
            "min": 0.016758,
            "med": 0.0391945,
            "p(90)": 0.055854799999999996,
            "p(95)": 0.05898629999999999,
            "p(99)": 0.0868999600000001,
            "max": 0.111127
        },
        "iterations": {
            "rate": 2.5926719413542907,
            "count": 52
        },
        "checks": {
            "passes": 104,
            "fails": 0,
            "value": 1
        },
        "http_req_duration": {
            "p(95)": 422.17146809999997,
            "p(99)": 497.64471794000013,
            "max": 539.737673,
            "avg": 385.2675434807692,
            "min": 313.768695,
            "med": 388.05895250000003,
            "p(90)": 408.6508791
        },
        "http_reqs": {
            "rate": 2.5926719413542907,
            "count": 52
        },
        "http_req_blocked": {
            "med": 0.008556000000000001,
            "p(90)": 0.0123518,
            "p(95)": 0.01428115,
            "p(99)": 0.1692021900000006,
            "max": 0.327165,
            "avg": 0.014856076923076923,
            "min": 0.003392
        },
        "vus": {
            "value": 1,
            "min": 1,
            "max": 1
        },
        "data_sent": {
            "rate": 852.4904779476088,
            "count": 17098
        },
        "data_received": {
            "count": 13449,
            "rate": 670.554710370651
        },
        "http_req_failed": {
            "passes": 0,
            "fails": 52,
            "value": 0
        },
        "iteration_duration": {
            "p(99)": 498.35561152000014,
            "max": 540.829303,
            "avg": 385.67063957692307,
            "min": 314.039394,
            "med": 388.5465915,
            "p(90)": 409.05814680000003,
            "p(95)": 422.50276845
        },
        "http_req_receiving": {
            "avg": 0.1552655,
            "min": 0.069277,
            "med": 0.15319349999999998,
            "p(90)": 0.20048290000000002,
            "p(95)": 0.22540499999999994,
            "p(99)": 0.2973835300000002,
            "max": 0.335836
        },
        "http_req_duration{expected_response:true}": {
            "max": 539.737673,
            "avg": 385.2675434807692,
            "min": 313.768695,
            "med": 388.05895250000003,
            "p(90)": 408.6508791,
            "p(95)": 422.17146809999997,
            "p(99)": 497.64471794000013
        },
        "vus_max": {
            "value": 1,
            "min": 1,
            "max": 1
        },
        "http_req_failed{endpoint:signup}": {
            "passes": 0,
            "fails": 52,
            "thresholds": {
                "rate<0.01": false
            },
            "value": 0
        },
        "http_req_waiting": {
            "avg": 385.06993292307703,
            "min": 313.609492,
            "med": 387.837932,
            "p(90)": 408.4324931,
            "p(95)": 422.00167315,
            "p(99)": 497.42419663000015,
            "max": 539.465887
        }
    }
}