{
    "root_group": {
        "path": "",
        "id": "d41d8cd98f00b204e9800998ecf8427e",
        "groups": {},
        "checks": {
                "login http 200": {
                    "name": "login http 200",
                    "path": "::login http 200",
                    "id": "0ca761b99d34354b6cfc99d071e0a2b3",
                    "passes": 150,
                    "fails": 0
                },
                "login access token exists": {
                    "name": "login access token exists",
                    "path": "::login access token exists",
                    "id": "9e3ef58a6dde048bb9cba164e4149c83",
                    "passes": 150,
                    "fails": 0
                },
                "login refresh token exists": {
                    "name": "login refresh token exists",
                    "path": "::login refresh token exists",
                    "id": "9b2005a1a81059fe10ec0878f7e36334",
                    "passes": 150,
                    "fails": 0
                }
            },
        "name": ""
    },
    "metrics": {
        "iterations": {
            "count": 150,
            "rate": 4.9885162798820035
        },
        "http_req_duration{expected_response:true}": {
            "p(95)": 435.63391449999995,
            "p(99)": 462.2448985599997,
            "max": 482.340208,
            "avg": 400.5253825266666,
            "min": 328.795245,
            "med": 399.5582385,
            "p(90)": 429.01915959999997
        },
        "iteration_duration": {
            "p(95)": 436.04995714999995,
            "p(99)": 462.93180421999966,
            "max": 483.278306,
            "avg": 400.8879473800002,
            "min": 329.041823,
            "med": 399.8935765,
            "p(90)": 429.3969921
        },
        "http_req_failed{endpoint:login}": {
            "passes": 0,
            "fails": 150,
            "thresholds": {
                "rate<0.01": false
            },
            "value": 0
        },
        "http_reqs": {
            "count": 150,
            "rate": 4.9885162798820035
        },
        "http_req_blocked": {
            "min": 0.002875,
            "med": 0.0074459999999999995,
            "p(90)": 0.011627099999999998,
            "p(95)": 0.015692099999999928,
            "p(99)": 0.19636892999999722,
            "max": 0.347236,
            "avg": 0.01305954666666667
        },
        "http_req_tls_handshaking": {
            "p(95)": 0,
            "p(99)": 0,
            "max": 0,
            "avg": 0,
            "min": 0,
            "med": 0,
            "p(90)": 0
        },
        "vus": {
            "value": 2,
            "min": 2,
            "max": 2
        },
        "http_req_connecting": {
            "min": 0,
            "med": 0,
            "p(90)": 0,
            "p(95)": 0,
            "p(99)": 0.1236739799999978,
            "max": 0.247052,
            "avg": 0.0032636666666666665
        },
        "http_req_receiving": {
            "med": 0.2284965,
            "p(90)": 0.5070009,
            "p(95)": 0.5732649999999997,
            "p(99)": 0.874117639999999,
            "max": 1.169829,
            "avg": 0.2934891333333335,
            "min": 0.075566
        },
        "http_req_duration{endpoint:login}": {
            "p(99)": 462.2448985599997,
            "max": 482.340208,
            "avg": 400.5253825266666,
            "min": 328.795245,
            "med": 399.5582385,
            "p(90)": 429.01915959999997,
            "p(95)": 435.63391449999995,
            "thresholds": {
                "p(95)<1000": false
            }
        },
        "data_sent": {
            "count": 30000,
            "rate": 997.7032559764008
        },
        "http_req_failed": {
            "passes": 0,
            "fails": 150,
            "value": 0
        },
        "http_req_sending": {
            "min": 0.011983,
            "med": 0.036707500000000004,
            "p(90)": 0.0601936,
            "p(95)": 0.0743789999999999,
            "p(99)": 0.18861617999999988,
            "max": 0.197434,
            "avg": 0.04243688666666666
        },
        "http_req_duration": {
            "avg": 400.5253825266666,
            "min": 328.795245,
            "med": 399.5582385,
            "p(90)": 429.01915959999997,
            "p(95)": 435.63391449999995,
            "p(99)": 462.2448985599997,
            "max": 482.340208
        },
        "data_received": {
            "count": 120300,
            "rate": 4000.790056465367
        },
        "checks": {
            "passes": 450,
            "fails": 0,
            "value": 1
        },
        "vus_max": {
            "value": 2,
            "min": 2,
            "max": 2
        },
        "http_req_waiting": {
            "min": 328.647948,
            "med": 399.08124,
            "p(90)": 428.55039639999995,
            "p(95)": 435.3831447999999,
            "p(99)": 461.6980980099997,
            "max": 481.828376,
            "avg": 400.18945650666666
        }
    }
}