{
    "root_group": {
        "name": "",
        "path": "",
        "id": "d41d8cd98f00b204e9800998ecf8427e",
        "groups": {
            "setup": {
                "name": "setup",
                "path": "::setup",
                "id": "5c0f8025f7e0b6654089e5b00e950f1a",
                "groups": {},
                "checks": {
                        "login http 200": {
                            "passes": 1,
                            "fails": 0,
                            "name": "login http 200",
                            "path": "::setup::login http 200",
                            "id": "3364c2a68fdfa4dfc4c6638bea928262"
                        }
                    }
            }
        },
        "checks": {
            "profile http 200": {
                "name": "profile http 200",
                "path": "::profile http 200",
                "id": "455ed31e2f3a1468725e61b6729184e8",
                "passes": 16967,
                "fails": 0
            },
            "profile has email": {
                "name": "profile has email",
                "path": "::profile has email",
                "id": "e3d86ab5b1bd531812b82b3b9b40cc51",
                "passes": 16967,
                "fails": 0
            }
        }
    },
    "metrics": {
        "http_req_connecting": {
            "avg": 0.00004803600895803866,
            "min": 0,
            "med": 0,
            "p(90)": 0,
            "p(95)": 0,
            "p(99)": 0,
            "max": 0.378828
        },
        "http_req_duration{endpoint:profile_details}": {
            "p(90)": 4.1242833999999995,
            "p(95)": 4.708692099999996,
            "p(99)": 6.138644400000001,
            "max": 47.940029,
            "avg": 3.425573793835093,
            "min": 1.904186,
            "med": 3.279611,
            "thresholds": {
                "p(95)<300": false
            }
        },
        "iteration_duration": {
            "avg": 3.5279709593917796,
            "min": 1.992935,
            "med": 3.373972,
            "p(90)": 4.2485859999999995,
            "p(95)": 4.8599222,
            "p(99)": 6.318651600000001,
            "max": 48.054677
        },
        "http_req_duration{expected_response:true}": {
            "min": 1.904186,
            "med": 3.279623,
            "p(90)": 4.1247856,
            "p(95)": 4.7097273,
            "p(99)": 6.1430845499999975,
            "max": 442.048429,
            "avg": 3.4514237970886352
        },
        "vus": {
            "value": 2,
            "min": 2,
            "max": 2
        },
        "checks": {
            "passes": 33935,
            "fails": 0,
            "value": 1
        },
        "http_req_failed": {
            "passes": 0,
            "fails": 16968,
            "value": 0
        },
        "http_reqs": {
            "rate": 557.3144510683967,
            "count": 16968
        },
        "http_req_tls_handshaking": {
            "p(95)": 0,
            "p(99)": 0,
            "max": 0,
            "avg": 0,
            "min": 0,
            "med": 0,
            "p(90)": 0
        },
        "iterations": {
            "count": 16967,
            "rate": 557.2816060394558
        },
        "vus_max": {
            "value": 2,
            "min": 2,
            "max": 2
        },
        "data_sent": {
            "rate": 244095.9124510698,
            "count": 7431746
        },
        "http_req_sending": {
            "avg": 0.009683461515794424,
            "min": 0.004414,
            "med": 0.008279499999999999,
            "p(90)": 0.014182600000000002,
            "p(95)": 0.016418199999999997,
            "p(99)": 0.025954249999999953,
            "max": 0.427649
        },
        "http_req_receiving": {
            "avg": 0.08929011716171603,
            "min": 0.011066,
            "med": 0.0635455,
            "p(90)": 0.1549115,
            "p(95)": 0.17879145,
            "p(99)": 0.35352524999999996,
            "max": 1.103196
        },
        "data_received": {
            "count": 6533097,
            "rate": 214579.76003840106
        },
        "http_req_duration": {
            "p(95)": 4.7097273,
            "p(99)": 6.1430845499999975,
            "max": 442.048429,
            "avg": 3.4514237970886352,
            "min": 1.904186,
            "med": 3.279623,
            "p(90)": 4.1247856
        },
        "http_req_failed{endpoint:profile_details}": {
            "passes": 0,
            "fails": 16967,
            "thresholds": {
                "rate<0.01": false
            },
            "value": 0
        },
        "http_req_waiting": {
            "max": 441.534382,
            "avg": 3.3524502184111618,
            "min": 1.856617,
            "med": 3.1872145,
            "p(90)": 4.015815,
            "p(95)": 4.57078835,
            "p(99)": 5.977492969999998
        },
        "http_req_blocked": {
            "min": 0.001144,
            "med": 0.002203,
            "p(90)": 0.003828,
            "p(95)": 0.004720949999999999,
            "p(99)": 0.008632559999999938,
            "max": 0.549928,
            "avg": 0.002778108380480918
        }
    },
    "setup_data": {
        "accessToken": "eyJhbGciOiJIUzI1NiIsInR5cCI6IkpXVCJ9.eyJzdWIiOiI1MyIsInR5cGUiOiJhY2Nlc3MiLCJleHAiOjE3NzM4MzcwODgsImlzcyI6ImlydGMtYmFja2VuZCIsImF1ZCI6ImlydGMtdXNlcnMiLCJhZ2FpbnRfdG9rZW5fdHlwZSI6InJlZnJlc2giLCJhZ2FpbnN0X3Rva2VuX2lkIjoiNjc0IiwianRpIjoiNjczIn0.tc1xiklKZCnaNWqbBTcOq_lFq9TmTMvwZmfW8QQl26c",
        "refreshToken": "eyJhbGciOiJIUzI1NiIsInR5cCI6IkpXVCJ9.eyJzdWIiOiI1MyIsInR5cGUiOiJyZWZyZXNoIiwiZXhwIjoxNzc0NDQwMDg4LCJpc3MiOiJpcnRjLWJhY2tlbmQiLCJhdWQiOiJpcnRjLXVzZXJzIiwiYWdhaW50X3Rva2VuX3R5cGUiOiJhY2Nlc3MiLCJhZ2FpbnN0X3Rva2VuX2lkIjoiNjczIiwianRpIjoiNjc0In0.O-Mg48KHqep1Rkc5AzTBXxS95ys1lggW8Ok5t228UUg"
    }
}