{
    "root_group": {
        "name": "",
        "path": "",
        "id": "d41d8cd98f00b204e9800998ecf8427e",
        "groups": {},
        "checks": {
                "login http 200": {
                    "name": "login http 200",
                    "path": "::login http 200",
                    "id": "0ca761b99d34354b6cfc99d071e0a2b3",
                    "passes": 152,
                    "fails": 0
                },
                "refresh http 200": {
                    "name": "refresh http 200",
                    "path": "::refresh http 200",
                    "id": "4a903b8114b37881df382d229bb9ee88",
                    "passes": 152,
                    "fails": 0
                },
                "refresh new access token exists": {
                    "passes": 152,
                    "fails": 0,
                    "name": "refresh new access token exists",
                    "path": "::refresh new access token exists",
                    "id": "4d32d3a2bf3abdc5d4f7dc4c1c7a95fa"
                },
                "refresh new refresh token exists": {
                    "fails": 0,
                    "name": "refresh new refresh token exists",
                    "path": "::refresh new refresh token exists",
                    "id": "32e050af09f88180eef0a29dddd79e22",
                    "passes": 152
                }
            }
    },
    "metrics": {
        "http_req_waiting": {
            "p(95)": 397.6328337,
            "p(99)": 420.7787771299997,
            "max": 476.065422,
            "avg": 199.39743152960523,
            "min": 11.380254,
            "med": 171.40613900000002,
            "p(90)": 390.6002963
        },
        "data_sent": {
            "count": 98800,
            "rate": 3250.448687339126
        },
        "data_received": {
            "count": 245784,
            "rate": 8086.116196042103
        },
        "vus": {
            "value": 2,
            "min": 2,
            "max": 2
        },
        "http_req_blocked": {
            "avg": 0.008593292763157888,
            "min": 0.001797,
            "med": 0.0062285,
            "p(90)": 0.010447199999999997,
            "p(95)": 0.011625249999999998,
            "p(99)": 0.02500025999999996,
            "max": 0.324642
        },
        "vus_max": {
            "value": 2,
            "min": 2,
            "max": 2
        },
        "http_req_failed": {
            "fails": 304,
            "passes": 0,
            "value": 0
        },
        "http_req_duration{endpoint:refresh}": {
            "med": 31.4225905,
            "p(90)": 38.1166186,
            "p(95)": 39.48011414999999,
            "p(99)": 44.18145593000003,
            "max": 49.389041,
            "avg": 28.197982677631575,
            "min": 11.487068,
            "thresholds": {
                "p(95)<500": false
            }
        },
        "http_req_duration": {
            "avg": 199.6714070592105,
            "min": 11.487068,
            "med": 171.6515875,
            "p(90)": 390.86714290000003,
            "p(95)": 397.83979235,
            "p(99)": 421.0768556199997,
            "max": 476.814196
        },
        "http_reqs": {
            "count": 304,
            "rate": 10.001380576428081
        },
        "http_req_failed{endpoint:refresh}": {
            "passes": 0,
            "fails": 152,
            "thresholds": {
                "rate<0.01": false
            },
            "value": 0
        },
        "checks": {
            "passes": 608,
            "fails": 0,
            "value": 1
        },
        "http_req_tls_handshaking": {
            "p(99)": 0,
            "max": 0,
            "avg": 0,
            "min": 0,
            "med": 0,
            "p(90)": 0,
            "p(95)": 0
        },
        "iteration_duration": {
            "p(95)": 436.99916529999996,
            "p(99)": 484.4757772900007,
            "max": 524.639939,
            "avg": 399.9134614473684,
            "min": 309.138428,
            "med": 405.050943,
            "p(90)": 431.99891859999997
        },
        "http_req_sending": {
            "max": 0.130167,
            "avg": 0.029588562500000016,
            "min": 0.008292,
            "med": 0.027209,
            "p(90)": 0.044523799999999995,
            "p(95)": 0.05157174999999995,
            "p(99)": 0.08865582999999982
        },
        "iterations": {
            "rate": 5.000690288214041,
            "count": 152
        },
        "http_req_connecting": {
            "p(95)": 0,
            "p(99)": 0,
            "max": 0.222691,
            "avg": 0.0014106348684210528,
            "min": 0,
            "med": 0,
            "p(90)": 0
        },
        "http_req_receiving": {
            "min": 0.041517,
            "med": 0.1590725,
            "p(90)": 0.5135650999999999,
            "p(95)": 0.6574787999999998,
            "p(99)": 1.0198944699999963,
            "max": 1.819617,
            "avg": 0.2443869671052633
        },
        "http_req_duration{expected_response:true}": {
            "p(90)": 390.86714290000003,
            "p(95)": 397.83979235,
            "p(99)": 421.0768556199997,
            "max": 476.814196,
            "avg": 199.6714070592105,
            "min": 11.487068,
            "med": 171.6515875
        }
    }
}