{
    "root_group": {
        "name": "",
        "path": "",
        "id": "d41d8cd98f00b204e9800998ecf8427e",
        "groups": {},
        "checks": {
                "login http 200": {
                    "name": "login http 200",
                    "path": "::login http 200",
                    "id": "0ca761b99d34354b6cfc99d071e0a2b3",
                    "passes": 150,
                    "fails": 0
                },
                "logout http 200": {
                    "name": "logout http 200",
                    "path": "::logout http 200",
                    "id": "7676e8346f70de5714232bb0c1cd4b77",
                    "passes": 150,
                    "fails": 0
                }
            }
    },
    "metrics": {
        "http_req_failed": {
            "passes": 0,
            "fails": 300,
            "value": 0
        },
        "iterations": {
            "count": 150,
            "rate": 4.987087933291694
        },
        "http_req_sending": {
            "min": 0.011114,
            "med": 0.0354,
            "p(90)": 0.05044780000000001,
            "p(95)": 0.0562532,
            "p(99)": 0.11796430999999993,
            "max": 1.025307,
            "avg": 0.03929112333333332
        },
        "data_received": {
            "count": 149550,
            "rate": 4972.1266694918195
        },
        "http_req_connecting": {
            "min": 0,
            "med": 0,
            "p(90)": 0,
            "p(95)": 0,
            "p(99)": 0,
            "max": 0.268328,
            "avg": 0.0017540333333333335
        },
        "data_sent": {
            "count": 144000,
            "rate": 4787.604415960027
        },
        "vus_max": {
            "value": 2,
            "min": 2,
            "max": 2
        },
        "http_req_duration{endpoint:logout}": {
            "max": 48.217613,
            "avg": 27.290874713333334,
            "min": 12.421281,
            "med": 28.8223855,
            "p(90)": 32.7480893,
            "p(95)": 33.97070014999999,
            "p(99)": 42.4735348599999,
            "thresholds": {
                "p(95)<500": false
            }
        },
        "http_req_failed{endpoint:logout}": {
            "passes": 0,
            "fails": 150,
            "thresholds": {
                "rate<0.01": false
            },
            "value": 0
        },
        "http_req_tls_handshaking": {
            "p(90)": 0,
            "p(95)": 0,
            "p(99)": 0,
            "max": 0,
            "avg": 0,
            "min": 0,
            "med": 0
        },
        "checks": {
            "passes": 300,
            "fails": 0,
            "value": 1
        },
        "http_req_duration": {
            "min": 12.421281,
            "med": 170.82408049999998,
            "p(90)": 393.5312346,
            "p(95)": 399.3368306,
            "p(99)": 433.70057499,
            "max": 475.653185,
            "avg": 200.19139217666674
        },
        "http_req_blocked": {
            "avg": 0.010324126666666667,
            "min": 0.002575,
            "med": 0.0071565,
            "p(90)": 0.011702800000000003,
            "p(95)": 0.013643800000000001,
            "p(99)": 0.03039153999999981,
            "max": 0.376562
        },
        "http_reqs": {
            "count": 300,
            "rate": 9.974175866583389
        },
        "http_req_waiting": {
            "p(95)": 399.1692252,
            "p(99)": 433.55646392,
            "max": 475.148777,
            "avg": 199.93412830333327,
            "min": 12.302025,
            "med": 170.66314599999998,
            "p(90)": 393.31256099999996
        },
        "vus": {
            "value": 2,
            "min": 2,
            "max": 2
        },
        "iteration_duration": {
            "p(99)": 494.9140884999994,
            "max": 524.753314,
            "avg": 400.99076460666663,
            "min": 308.332512,
            "med": 413.690342,
            "p(90)": 428.1189716,
            "p(95)": 431.4825339
        },
        "http_req_receiving": {
            "max": 1.369838,
            "avg": 0.21797274999999994,
            "min": 0.044632,
            "med": 0.14838800000000002,
            "p(90)": 0.46001690000000006,
            "p(95)": 0.52502515,
            "p(99)": 0.873896499999999
        },
        "http_req_duration{expected_response:true}": {
            "p(99)": 433.70057499,
            "max": 475.653185,
            "avg": 200.19139217666674,
            "min": 12.421281,
            "med": 170.82408049999998,
            "p(90)": 393.5312346,
            "p(95)": 399.3368306
        }
    }
}