{
    "root_group": {
        "name": "",
        "path": "",
        "id": "d41d8cd98f00b204e9800998ecf8427e",
        "groups": {},
        "checks": {
                "login http 200": {
                    "id": "0ca761b99d34354b6cfc99d071e0a2b3",
                    "passes": 148,
                    "fails": 0,
                    "name": "login http 200",
                    "path": "::login http 200"
                },
                "logout http 200": {
                    "name": "logout http 200",
                    "path": "::logout http 200",
                    "id": "7676e8346f70de5714232bb0c1cd4b77",
                    "passes": 148,
                    "fails": 0
                }
            }
    },
    "metrics": {
        "data_received": {
            "count": 147556,
            "rate": 4890.476259580053
        },
        "http_req_duration": {
            "min": 11.404496,
            "med": 205.037161,
            "p(90)": 397.754813,
            "p(95)": 401.57023975,
            "p(99)": 456.16390060000003,
            "max": 467.879407,
            "avg": 203.53055984459468
        },
        "iterations": {
            "count": 148,
            "rate": 4.90519183508531
        },
        "http_req_sending": {
            "max": 0.507788,
            "avg": 0.04044195608108107,
            "min": 0.010347,
            "med": 0.03536,
            "p(90)": 0.0517925,
            "p(95)": 0.06712725,
            "p(99)": 0.14402920000000025
        },
        "http_req_tls_handshaking": {
            "p(95)": 0,
            "p(99)": 0,
            "max": 0,
            "avg": 0,
            "min": 0,
            "med": 0,
            "p(90)": 0
        },
        "vus_max": {
            "value": 2,
            "min": 2,
            "max": 2
        },
        "http_req_failed{endpoint:logout}": {
            "passes": 0,
            "fails": 148,
            "thresholds": {
                "rate<0.01": false
            },
            "value": 0
        },
        "http_req_connecting": {
            "med": 0,
            "p(90)": 0,
            "p(95)": 0,
            "p(99)": 0,
            "max": 0.314513,
            "avg": 0.002114439189189189,
            "min": 0
        },
        "http_req_duration{endpoint:logout}": {
            "avg": 26.034692000000003,
            "min": 11.404496,
            "med": 25.588675000000002,
            "p(90)": 29.652628600000003,
            "p(95)": 32.341576950000004,
            "p(99)": 81.83228411000007,
            "max": 116.171649,
            "thresholds": {
                "p(95)<500": false
            }
        },
        "http_req_blocked": {
            "avg": 0.01115599662162162,
            "min": 0.00269,
            "med": 0.0072915,
            "p(90)": 0.010765,
            "p(95)": 0.01230975,
            "p(99)": 0.0346662000000009,
            "max": 0.45527
        },
        "http_req_waiting": {
            "med": 204.8441345,
            "p(90)": 397.585796,
            "p(95)": 401.367245,
            "p(99)": 455.90381555,
            "max": 467.558579,
            "avg": 203.23637594256755,
            "min": 11.293802
        },
        "iteration_duration": {
            "min": 306.208805,
            "med": 413.518861,
            "p(90)": 429.08539520000005,
            "p(95)": 435.15692125,
            "p(99)": 544.50622278,
            "max": 574.631455,
            "avg": 407.68092399324337
        },
        "vus": {
            "value": 2,
            "min": 2,
            "max": 2
        },
        "http_reqs": {
            "count": 296,
            "rate": 9.81038367017062
        },
        "http_req_receiving": {
            "min": 0.052488,
            "med": 0.1720485,
            "p(90)": 0.49369850000000004,
            "p(95)": 0.62756325,
            "p(99)": 0.8017566500000008,
            "max": 0.99857,
            "avg": 0.25374194594594596
        },
        "checks": {
            "passes": 296,
            "fails": 0,
            "value": 1
        },
        "data_sent": {
            "count": 142080,
            "rate": 4708.984161681897
        },
        "http_req_failed": {
            "passes": 0,
            "fails": 296,
            "value": 0
        },
        "http_req_duration{expected_response:true}": {
            "p(90)": 397.754813,
            "p(95)": 401.57023975,
            "p(99)": 456.16390060000003,
            "max": 467.879407,
            "avg": 203.53055984459468,
            "min": 11.404496,
            "med": 205.037161
        }
    }
}