{
    "metrics": {
        "iteration_duration": {
            "med": 406.65875700000004,
            "p(90)": 432.95965889999997,
            "p(95)": 447.92114819999995,
            "p(99)": 510.1160382699999,
            "max": 546.762343,
            "avg": 400.97865102000003,
            "min": 325.581689
        },
        "vus_max": {
            "value": 1,
            "min": 1,
            "max": 1
        },
        "http_req_duration{endpoint:pwd_change_request_otp}": {
            "avg": 6.68697248,
            "min": 2.444245,
            "med": 5.6296315,
            "p(90)": 7.3457828,
            "p(95)": 13.224864099999994,
            "p(99)": 33.129555619999934,
            "max": 49.396606,
            "thresholds": {
                "p(95)<700": false
            }
        },
        "checks": {
            "passes": 150,
            "fails": 0,
            "value": 1
        },
        "http_req_receiving": {
            "avg": 0.13299337,
            "min": 0.038679,
            "med": 0.12112600000000001,
            "p(90)": 0.1957892,
            "p(95)": 0.20959544999999996,
            "p(99)": 0.24735593000000028,
            "max": 0.301007
        },
        "data_received": {
            "count": 53263,
            "rate": 2656.488043743445
        },
        "vus": {
            "value": 1,
            "min": 1,
            "max": 1
        },
        "http_req_sending": {
            "avg": 0.04173729000000001,
            "min": 0.0147,
            "med": 0.0365025,
            "p(90)": 0.056700400000000026,
            "p(95)": 0.0809264,
            "p(99)": 0.18487369000000003,
            "max": 0.19207
        },
        "iterations": {
            "count": 50,
            "rate": 2.493746168769545
        },
        "http_req_tls_handshaking": {
            "min": 0,
            "med": 0,
            "p(90)": 0,
            "p(95)": 0,
            "p(99)": 0,
            "max": 0,
            "avg": 0
        },
        "http_req_waiting": {
            "p(99)": 465.4674034500001,
            "max": 493.674726,
            "avg": 199.94993175999997,
            "min": 2.370846,
            "med": 185.410295,
            "p(90)": 414.91516550000006,
            "p(95)": 427.0447534
        },
        "http_req_duration{expected_response:true}": {
            "avg": 386.8140043921568,
            "min": 49.396606,
            "med": 399.411776,
            "p(90)": 427.242977,
            "p(95)": 437.07257,
            "p(99)": 479.7418715,
            "max": 494.091417
        },
        "pwd_req_otp_throttled_total": {
            "count": 49,
            "rate": 2.4438712453941536,
            "thresholds": {
                "count>=1": false
            }
        },
        "http_req_failed": {
            "fails": 51,
            "passes": 49,
            "value": 0.49
        },
        "http_reqs": {
            "count": 100,
            "rate": 4.98749233753909
        },
        "http_req_connecting": {
            "avg": 0.00285189,
            "min": 0,
            "med": 0,
            "p(90)": 0,
            "p(95)": 0,
            "p(99)": 0.002851890000001459,
            "max": 0.285189
        },
        "pwd_req_otp_accepted_total": {
            "count": 1,
            "rate": 0.049874923375390894,
            "thresholds": {
                "count>=1": false
            }
        },
        "data_sent": {
            "count": 34600,
            "rate": 1725.672348788525
        },
        "http_req_duration": {
            "min": 2.444245,
            "med": 185.54227149999997,
            "p(90)": 415.23155099999997,
            "p(95)": 427.2703149,
            "p(99)": 465.6793169100002,
            "max": 494.091417,
            "avg": 200.1246624199999
        },
        "http_req_blocked": {
            "min": 0.00313,
            "med": 0.007874,
            "p(90)": 0.012134700000000002,
            "p(95)": 0.01360575,
            "p(99)": 0.040838250000002144,
            "max": 0.45597,
            "avg": 0.012908689999999994
        }
    },
    "root_group": {
        "name": "",
        "path": "",
        "id": "d41d8cd98f00b204e9800998ecf8427e",
        "groups": {},
        "checks": {
                "login http 200": {
                    "passes": 50,
                    "fails": 0,
                    "name": "login http 200",
                    "path": "::login http 200",
                    "id": "0ca761b99d34354b6cfc99d071e0a2b3"
                },
                "pwd request otp http 202 or 429": {
                    "id": "1518b30e8bd8d385facc3e21a7c0eb1d",
                    "passes": 50,
                    "fails": 0,
                    "name": "pwd request otp http 202 or 429",
                    "path": "::pwd request otp http 202 or 429"
                },
                "pwd request otp has challenge_id when 202": {
                    "path": "::pwd request otp has challenge_id when 202",
                    "id": "d3c6c40671d1d0641075252d7f1f5384",
                    "passes": 50,
                    "fails": 0,
                    "name": "pwd request otp has challenge_id when 202"
                }
            }
    }
}