{
    "root_group": {
        "name": "",
        "path": "",
        "id": "d41d8cd98f00b204e9800998ecf8427e",
        "groups": {},
        "checks": {
                "login http 200": {
                    "name": "login http 200",
                    "path": "::login http 200",
                    "id": "0ca761b99d34354b6cfc99d071e0a2b3",
                    "passes": 166,
                    "fails": 0
                },
                "pwd request otp http 202 or 429": {
                    "path": "::pwd request otp http 202 or 429",
                    "id": "1518b30e8bd8d385facc3e21a7c0eb1d",
                    "passes": 166,
                    "fails": 0,
                    "name": "pwd request otp http 202 or 429"
                },
                "pwd request otp has challenge_id when 202": {
                    "id": "d3c6c40671d1d0641075252d7f1f5384",
                    "passes": 166,
                    "fails": 0,
                    "name": "pwd request otp has challenge_id when 202",
                    "path": "::pwd request otp has challenge_id when 202"
                }
            }
    },
    "metrics": {
        "data_sent": {
            "count": 114872,
            "rate": 3825.364806822924
        },
        "data_received": {
            "count": 176014,
            "rate": 5861.461114180393
        },
        "vus": {
            "value": 2,
            "min": 2,
            "max": 2
        },
        "http_req_connecting": {
            "min": 0,
            "med": 0,
            "p(90)": 0,
            "p(95)": 0,
            "p(99)": 0,
            "max": 0.456854,
            "avg": 0.0027271536144578314
        },
        "http_req_receiving": {
            "p(90)": 0.3814414000000001,
            "p(95)": 0.48857385,
            "p(99)": 0.6792350699999999,
            "max": 1.90983,
            "avg": 0.14978512951807238,
            "min": 0.023902,
            "med": 0.0898015
        },
        "pwd_req_otp_accepted_total": {
            "count": 2,
            "rate": 0.06660221475769419,
            "thresholds": {
                "count>=1": false
            }
        },
        "http_req_duration{expected_response:true}": {
            "avg": 350.18041913095243,
            "min": 15.896778,
            "med": 357.1003455,
            "p(90)": 393.33562800000004,
            "p(95)": 399.6452338,
            "p(99)": 421.7182611800003,
            "max": 437.287996
        },
        "iterations": {
            "count": 166,
            "rate": 5.527983824888619
        },
        "vus_max": {
            "value": 2,
            "min": 2,
            "max": 2
        },
        "http_reqs": {
            "count": 332,
            "rate": 11.055967649777237
        },
        "http_req_waiting": {
            "med": 151.7344815,
            "p(90)": 386.5028834,
            "p(95)": 393.07738845,
            "p(99)": 413.18104975,
            "max": 437.036771,
            "avg": 180.43978233734933,
            "min": 2.087769
        },
        "http_req_duration{endpoint:pwd_change_request_otp}": {
            "avg": 7.037788361445782,
            "min": 2.149387,
            "med": 7.00812,
            "p(90)": 10.7597795,
            "p(95)": 12.268054750000001,
            "p(99)": 17.981715849999983,
            "max": 20.870272,
            "thresholds": {
                "p(95)<700": false
            }
        },
        "pwd_req_otp_throttled_total": {
            "count": 164,
            "rate": 5.461381610130924,
            "thresholds": {
                "count>=1": false
            }
        },
        "checks": {
            "passes": 498,
            "fails": 0,
            "value": 1
        },
        "http_req_failed": {
            "passes": 164,
            "fails": 168,
            "value": 0.4939759036144578
        },
        "http_req_sending": {
            "p(95)": 0.050576099999999985,
            "p(99)": 0.08722259999999998,
            "max": 0.42663,
            "avg": 0.0301282108433735,
            "min": 0.008939,
            "med": 0.025183499999999998,
            "p(90)": 0.044697600000000004
        },
        "http_req_blocked": {
            "p(95)": 0.01266724999999999,
            "p(99)": 0.0717876,
            "max": 0.625125,
            "avg": 0.010441373493975904,
            "min": 0.00204,
            "med": 0.0054135,
            "p(90)": 0.010173300000000001
        },
        "http_req_tls_handshaking": {
            "max": 0,
            "avg": 0,
            "min": 0,
            "med": 0,
            "p(90)": 0,
            "p(95)": 0,
            "p(99)": 0
        },
        "iteration_duration": {
            "p(90)": 403.65450899999996,
            "p(95)": 410.61498875,
            "p(99)": 430.64364474999985,
            "max": 447.89404,
            "avg": 361.75526907228914,
            "min": 285.850805,
            "med": 367.3463435
        },
        "http_req_duration": {
            "avg": 180.61969567771084,
            "min": 2.149387,
            "med": 151.8739945,
            "p(90)": 386.914479,
            "p(95)": 393.3586455,
            "p(99)": 413.47435167000003,
            "max": 437.287996
        }
    }
}