{
    "root_group": {
        "groups": {},
        "checks": {
                "login http 200": {
                    "passes": 160,
                    "fails": 0,
                    "name": "login http 200",
                    "path": "::login http 200",
                    "id": "0ca761b99d34354b6cfc99d071e0a2b3"
                },
                "pwd request otp http 202": {
                    "name": "pwd request otp http 202",
                    "path": "::pwd request otp http 202",
                    "id": "78251ecd69a7c11b5162426da2cd7162",
                    "passes": 1,
                    "fails": 159
                },
                "pwd request otp has challenge_id": {
                    "name": "pwd request otp has challenge_id",
                    "path": "::pwd request otp has challenge_id",
                    "id": "e4b3bedca9a796f9b64e480e4cf75cc9",
                    "passes": 5,
                    "fails": 155
                }
            },
        "name": "",
        "path": "",
        "id": "d41d8cd98f00b204e9800998ecf8427e"
    },
    "metrics": {
        "iteration_duration": {
            "avg": 377.0149516375001,
            "min": 285.182374,
            "med": 388.67616499999997,
            "p(90)": 413.0734473,
            "p(95)": 417.3993969,
            "p(99)": 488.6143423199997,
            "max": 540.137637
        },
        "http_req_receiving": {
            "p(90)": 0.41585150000000004,
            "p(95)": 0.49236210000000025,
            "p(99)": 0.87276878,
            "max": 1.051846,
            "avg": 0.170136221875,
            "min": 0.0252,
            "med": 0.1040555
        },
        "http_req_duration": {
            "min": 2.125581,
            "med": 166.895493,
            "p(90)": 396.6237211,
            "p(95)": 402.53516935,
            "p(99)": 435.19578689,
            "max": 503.986575,
            "avg": 188.21850198125009
        },
        "iterations": {
            "count": 160,
            "rate": 5.304375317882987
        },
        "vus": {
            "value": 2,
            "min": 2,
            "max": 2
        },
        "http_req_failed{endpoint:pwd_change_request_otp}": {
            "passes": 159,
            "fails": 1,
            "thresholds": {
                "rate<0.01": true
            },
            "value": 0.99375
        },
        "http_req_blocked": {
            "avg": 0.009228549999999988,
            "min": 0.001982,
            "med": 0.0066935,
            "p(90)": 0.010175900000000002,
            "p(95)": 0.011677400000000006,
            "p(99)": 0.026461650000000003,
            "max": 0.362132
        },
        "data_received": {
            "rate": 5624.063387822647,
            "count": 169643
        },
        "http_req_duration{endpoint:pwd_change_request_otp}": {
            "avg": 8.420555256249996,
            "min": 2.125581,
            "med": 8.950706,
            "p(90)": 10.829685399999999,
            "p(95)": 11.97023795,
            "p(99)": 23.96369872999994,
            "max": 51.331306,
            "thresholds": {
                "p(95)<700": false
            }
        },
        "http_reqs": {
            "count": 320,
            "rate": 10.608750635765974
        },
        "data_sent": {
            "count": 110720,
            "rate": 3670.6277199750266
        },
        "vus_max": {
            "value": 2,
            "min": 2,
            "max": 2
        },
        "http_req_tls_handshaking": {
            "avg": 0,
            "min": 0,
            "med": 0,
            "p(90)": 0,
            "p(95)": 0,
            "p(99)": 0,
            "max": 0
        },
        "http_req_sending": {
            "min": 0.008191,
            "med": 0.031763,
            "p(90)": 0.04595720000000001,
            "p(95)": 0.04986665,
            "p(99)": 0.06519573000000001,
            "max": 0.147063,
            "avg": 0.032238168750000025
        },
        "http_req_waiting": {
            "min": 2.057152,
            "med": 166.73135200000002,
            "p(90)": 396.4297897,
            "p(95)": 401.9382761,
            "p(99)": 434.96942656000004,
            "max": 503.647917,
            "avg": 188.01612759062513
        },
        "http_req_connecting": {
            "avg": 0.0016140812499999997,
            "min": 0,
            "med": 0,
            "p(90)": 0,
            "p(95)": 0,
            "p(99)": 0,
            "max": 0.258262
        },
        "checks": {
            "fails": 314,
            "passes": 166,
            "value": 0.3458333333333333
        },
        "http_req_failed": {
            "fails": 161,
            "passes": 159,
            "value": 0.496875
        },
        "http_req_duration{expected_response:true}": {
            "p(99)": 459.19368100000025,
            "max": 503.986575,
            "avg": 366.0494602422359,
            "min": 51.331306,
            "med": 378.795936,
            "p(90)": 402.531806,
            "p(95)": 404.525598
        }
    }
}