{
    "root_group": {
        "name": "",
        "path": "",
        "id": "d41d8cd98f00b204e9800998ecf8427e",
        "groups": {},
        "checks": {
                "login http 200": {
                    "name": "login http 200",
                    "path": "::login http 200",
                    "id": "0ca761b99d34354b6cfc99d071e0a2b3",
                    "passes": 166,
                    "fails": 0
                },
                "pwd request otp http 202 or 429": {
                    "path": "::pwd request otp http 202 or 429",
                    "id": "1518b30e8bd8d385facc3e21a7c0eb1d",
                    "passes": 166,
                    "fails": 0,
                    "name": "pwd request otp http 202 or 429"
                },
                "pwd request otp has challenge_id when 202": {
                    "id": "d3c6c40671d1d0641075252d7f1f5384",
                    "passes": 166,
                    "fails": 0,
                    "name": "pwd request otp has challenge_id when 202",
                    "path": "::pwd request otp has challenge_id when 202"
                }
            }
    },
    "metrics": {
        "pwd_req_otp_accepted_total": {
            "count": 2,
            "rate": 0.06607252243466079,
            "thresholds": {
                "count>=1": false
            }
        },
        "data_sent": {
            "rate": 3794.941398557177,
            "count": 114872
        },
        "vus": {
            "min": 2,
            "max": 2,
            "value": 2
        },
        "http_req_duration{expected_response:true}": {
            "avg": 353.3011020238094,
            "min": 47.212367,
            "med": 363.5059225,
            "p(90)": 402.1078838,
            "p(95)": 404.7553154,
            "p(99)": 441.23279175000005,
            "max": 447.495145
        },
        "http_req_connecting": {
            "p(99)": 0,
            "max": 0.269641,
            "avg": 0.0015146807228915663,
            "min": 0,
            "med": 0,
            "p(90)": 0,
            "p(95)": 0
        },
        "http_reqs": {
            "count": 332,
            "rate": 10.96803872415369
        },
        "http_req_failed": {
            "passes": 164,
            "fails": 168,
            "value": 0.4939759036144578
        },
        "http_req_duration": {
            "p(90)": 394.0016051,
            "p(95)": 402.1196687,
            "p(99)": 436.90272036,
            "max": 447.495145,
            "avg": 182.06181142771086,
            "min": 2.168432,
            "med": 166.761199
        },
        "iteration_duration": {
            "med": 372.285037,
            "p(90)": 412.7309085,
            "p(95)": 431.0381345,
            "p(99)": 449.14065554999996,
            "max": 454.646921,
            "avg": 364.6710228614456,
            "min": 287.06913
        },
        "http_req_blocked": {
            "p(90)": 0.009853,
            "p(95)": 0.011267399999999999,
            "p(99)": 0.022480549999999995,
            "max": 0.801162,
            "avg": 0.010882463855421685,
            "min": 0.001885,
            "med": 0.005582500000000001
        },
        "http_req_tls_handshaking": {
            "p(95)": 0,
            "p(99)": 0,
            "max": 0,
            "avg": 0,
            "min": 0,
            "med": 0,
            "p(90)": 0
        },
        "http_req_waiting": {
            "avg": 181.87867442469874,
            "min": 2.096643,
            "med": 166.4803175,
            "p(90)": 393.81626850000004,
            "p(95)": 401.61726705,
            "p(99)": 436.61604201999995,
            "max": 447.302639
        },
        "iterations": {
            "count": 166,
            "rate": 5.484019362076845
        },
        "http_req_sending": {
            "p(99)": 0.14841391,
            "max": 0.843437,
            "avg": 0.03504832228915663,
            "min": 0.008558,
            "med": 0.0265265,
            "p(90)": 0.04372910000000001,
            "p(95)": 0.0533993
        },
        "http_req_receiving": {
            "p(90)": 0.32851660000000016,
            "p(95)": 0.43214854999999996,
            "p(99)": 0.7642337699999999,
            "max": 0.92812,
            "avg": 0.1480886807228915,
            "min": 0.027659,
            "med": 0.0957345
        },
        "data_received": {
            "rate": 5814.844481907192,
            "count": 176014
        },
        "http_req_duration{endpoint:pwd_change_request_otp}": {
            "p(99)": 27.777982549999827,
            "max": 49.356069,
            "avg": 7.14761861445783,
            "min": 2.168432,
            "med": 5.9481114999999996,
            "p(90)": 11.153972,
            "p(95)": 12.1736765,
            "thresholds": {
                "p(95)<700": false
            }
        },
        "checks": {
            "passes": 498,
            "fails": 0,
            "value": 1
        },
        "vus_max": {
            "value": 2,
            "min": 2,
            "max": 2
        },
        "pwd_req_otp_throttled_total": {
            "count": 164,
            "rate": 5.417946839642184,
            "thresholds": {
                "count>=1": false
            }
        }
    }
}