{
    "root_group": {
        "path": "",
        "id": "d41d8cd98f00b204e9800998ecf8427e",
        "groups": {},
        "checks": {
                "login http 200": {
                    "fails": 0,
                    "name": "login http 200",
                    "path": "::login http 200",
                    "id": "0ca761b99d34354b6cfc99d071e0a2b3",
                    "passes": 162
                },
                "pwd request otp http 202": {
                    "fails": 160,
                    "name": "pwd request otp http 202",
                    "path": "::pwd request otp http 202",
                    "id": "78251ecd69a7c11b5162426da2cd7162",
                    "passes": 2
                },
                "pwd request otp has challenge_id": {
                    "path": "::pwd request otp has challenge_id",
                    "id": "e4b3bedca9a796f9b64e480e4cf75cc9",
                    "passes": 5,
                    "fails": 157,
                    "name": "pwd request otp has challenge_id"
                }
            },
        "name": ""
    },
    "metrics": {
        "vus_max": {
            "value": 2,
            "min": 2,
            "max": 2
        },
        "http_req_waiting": {
            "max": 477.41678,
            "avg": 187.17292729012337,
            "min": 2.071646,
            "med": 177.7945695,
            "p(90)": 398.3581855,
            "p(95)": 403.49863615000004,
            "p(99)": 406.64656206
        },
        "http_req_sending": {
            "p(90)": 0.048507499999999995,
            "p(95)": 0.054092099999999955,
            "p(99)": 0.1255685799999997,
            "max": 0.328298,
            "avg": 0.03376434567901236,
            "min": 0.006411,
            "med": 0.032160499999999995
        },
        "iteration_duration": {
            "p(99)": 467.2986747499984,
            "max": 539.62823,
            "avg": 375.287142049383,
            "min": 299.932047,
            "med": 377.332508,
            "p(90)": 413.82435089999996,
            "p(95)": 416.5802147
        },
        "http_req_failed": {
            "passes": 160,
            "fails": 164,
            "value": 0.49382716049382713
        },
        "http_req_receiving": {
            "p(90)": 0.3890198999999998,
            "p(95)": 0.4442075999999999,
            "p(99)": 0.5565253499999994,
            "max": 0.994518,
            "avg": 0.15492977469135805,
            "min": 0.020078,
            "med": 0.0972585
        },
        "data_sent": {
            "rate": 3687.5648113409075,
            "count": 112104
        },
        "iterations": {
            "rate": 5.328850883440618,
            "count": 162
        },
        "http_reqs": {
            "count": 324,
            "rate": 10.657701766881235
        },
        "http_req_duration{expected_response:true}": {
            "p(90)": 403.7932954,
            "p(95)": 405.2032203,
            "p(99)": 433.26181276000034,
            "max": 477.795806,
            "avg": 362.53244012804873,
            "min": 59.479856,
            "med": 367.3113315
        },
        "http_req_blocked": {
            "p(90)": 0.0108647,
            "p(95)": 0.012440749999999992,
            "p(99)": 0.04249625999999977,
            "max": 0.365718,
            "avg": 0.009484101851851853,
            "min": 0.001774,
            "med": 0.006621999999999999
        },
        "vus": {
            "max": 2,
            "value": 2,
            "min": 2
        },
        "http_req_duration": {
            "avg": 187.36162141049374,
            "min": 2.130713,
            "med": 178.07643199999998,
            "p(90)": 398.6804389,
            "p(95)": 403.8064672,
            "p(99)": 407.02677985,
            "max": 477.795806
        },
        "http_req_duration{endpoint:pwd_change_request_otp}": {
            "p(90)": 11.0226523,
            "p(95)": 12.548360899999995,
            "p(99)": 36.00471481999948,
            "max": 60.659299,
            "avg": 8.456693277777772,
            "min": 2.130713,
            "med": 8.605873500000001,
            "thresholds": {
                "p(95)<700": false
            }
        },
        "checks": {
            "passes": 169,
            "fails": 317,
            "value": 0.3477366255144033
        },
        "http_req_tls_handshaking": {
            "max": 0,
            "avg": 0,
            "min": 0,
            "med": 0,
            "p(90)": 0,
            "p(95)": 0,
            "p(99)": 0
        },
        "http_req_connecting": {
            "min": 0,
            "med": 0,
            "p(90)": 0,
            "p(95)": 0,
            "p(99)": 0,
            "max": 0.265998,
            "avg": 0.001590774691358025
        },
        "data_received": {
            "rate": 5650.6213732049155,
            "count": 171782
        },
        "http_req_failed{endpoint:pwd_change_request_otp}": {
            "passes": 160,
            "fails": 2,
            "thresholds": {
                "rate<0.01": true
            },
            "value": 0.9876543209876543
        }
    }
}