{
    "root_group": {
        "name": "",
        "path": "",
        "id": "d41d8cd98f00b204e9800998ecf8427e",
        "groups": {},
        "checks": {
                "pwd confirm http 200": {
                    "passes": 1,
                    "fails": 0,
                    "name": "pwd confirm http 200",
                    "path": "::pwd confirm http 200",
                    "id": "40de4413573694b8445140df3c3b5dbb"
                }
            }
    },
    "metrics": {
        "http_reqs": {
            "rate": 1.9761350470139325,
            "count": 1
        },
        "data_received": {
            "count": 278,
            "rate": 549.3655430698732
        },
        "http_req_duration{endpoint:pwd_change_confirm}": {
            "p(99)": 504.784518,
            "max": 504.784518,
            "avg": 504.784518,
            "min": 504.784518,
            "med": 504.784518,
            "p(90)": 504.784518,
            "p(95)": 504.784518,
            "thresholds": {
                "p(95)<1200": false
            }
        },
        "http_req_waiting": {
            "p(95)": 504.253178,
            "p(99)": 504.253178,
            "max": 504.253178,
            "avg": 504.253178,
            "min": 504.253178,
            "med": 504.253178,
            "p(90)": 504.253178
        },
        "data_sent": {
            "count": 608,
            "rate": 1201.490108584471
        },
        "http_req_failed{endpoint:pwd_change_confirm}": {
            "passes": 0,
            "fails": 1,
            "thresholds": {
                "rate<0.01": false
            },
            "value": 0
        },
        "http_req_duration": {
            "p(99)": 504.784518,
            "max": 504.784518,
            "avg": 504.784518,
            "min": 504.784518,
            "med": 504.784518,
            "p(90)": 504.784518,
            "p(95)": 504.784518
        },
        "checks": {
            "fails": 0,
            "passes": 1,
            "value": 1
        },
        "http_req_failed": {
            "passes": 0,
            "fails": 1,
            "value": 0
        },
        "http_req_tls_handshaking": {
            "min": 0,
            "med": 0,
            "p(90)": 0,
            "p(95)": 0,
            "p(99)": 0,
            "max": 0,
            "avg": 0
        },
        "iteration_duration": {
            "p(90)": 505.849605,
            "p(95)": 505.849605,
            "p(99)": 505.849605,
            "max": 505.849605,
            "avg": 505.849605,
            "min": 505.849605,
            "med": 505.849605
        },
        "http_req_sending": {
            "min": 0.26007,
            "med": 0.26007,
            "p(90)": 0.26007,
            "p(95)": 0.26007,
            "p(99)": 0.26007,
            "max": 0.26007,
            "avg": 0.26007
        },
        "http_req_blocked": {
            "min": 0.410849,
            "med": 0.410849,
            "p(90)": 0.410849,
            "p(95)": 0.410849,
            "p(99)": 0.410849,
            "max": 0.410849,
            "avg": 0.410849
        },
        "http_req_receiving": {
            "max": 0.27127,
            "avg": 0.27127,
            "min": 0.27127,
            "med": 0.27127,
            "p(90)": 0.27127,
            "p(95)": 0.27127,
            "p(99)": 0.27127
        },
        "http_req_duration{expected_response:true}": {
            "avg": 504.784518,
            "min": 504.784518,
            "med": 504.784518,
            "p(90)": 504.784518,
            "p(95)": 504.784518,
            "p(99)": 504.784518,
            "max": 504.784518
        },
        "http_req_connecting": {
            "p(99)": 0.273201,
            "max": 0.273201,
            "avg": 0.273201,
            "min": 0.273201,
            "med": 0.273201,
            "p(90)": 0.273201,
            "p(95)": 0.273201
        },
        "iterations": {
            "count": 1,
            "rate": 1.9761350470139325
        }
    }
}