{
    "root_group": {
        "path": "",
        "id": "d41d8cd98f00b204e9800998ecf8427e",
        "groups": {},
        "checks": {
                "pwd confirm http 200": {
                    "name": "pwd confirm http 200",
                    "path": "::pwd confirm http 200",
                    "id": "40de4413573694b8445140df3c3b5dbb",
                    "passes": 0,
                    "fails": 1
                }
            },
        "name": ""
    },
    "metrics": {
        "http_req_waiting": {
            "avg": 89.65323,
            "min": 89.65323,
            "med": 89.65323,
            "p(90)": 89.65323,
            "p(95)": 89.65323,
            "p(99)": 89.65323,
            "max": 89.65323
        },
        "iterations": {
            "count": 1,
            "rate": 10.882102819243789
        },
        "http_req_blocked": {
            "p(95)": 0.461853,
            "p(99)": 0.461853,
            "max": 0.461853,
            "avg": 0.461853,
            "min": 0.461853,
            "med": 0.461853,
            "p(90)": 0.461853
        },
        "iteration_duration": {
            "avg": 91.258227,
            "min": 91.258227,
            "med": 91.258227,
            "p(90)": 91.258227,
            "p(95)": 91.258227,
            "p(99)": 91.258227,
            "max": 91.258227
        },
        "http_req_duration": {
            "p(99)": 90.095494,
            "max": 90.095494,
            "avg": 90.095494,
            "min": 90.095494,
            "med": 90.095494,
            "p(90)": 90.095494,
            "p(95)": 90.095494
        },
        "http_reqs": {
            "rate": 10.882102819243789,
            "count": 1
        },
        "http_req_failed": {
            "passes": 1,
            "fails": 0,
            "value": 1
        },
        "checks": {
            "passes": 0,
            "fails": 1,
            "value": 0
        },
        "data_received": {
            "count": 192,
            "rate": 2089.3637412948074
        },
        "http_req_sending": {
            "p(95)": 0.240314,
            "p(99)": 0.240314,
            "max": 0.240314,
            "avg": 0.240314,
            "min": 0.240314,
            "med": 0.240314,
            "p(90)": 0.240314
        },
        "http_req_connecting": {
            "med": 0.314145,
            "p(90)": 0.314145,
            "p(95)": 0.314145,
            "p(99)": 0.314145,
            "max": 0.314145,
            "avg": 0.314145,
            "min": 0.314145
        },
        "http_req_tls_handshaking": {
            "p(99)": 0,
            "max": 0,
            "avg": 0,
            "min": 0,
            "med": 0,
            "p(90)": 0,
            "p(95)": 0
        },
        "http_req_receiving": {
            "p(95)": 0.20195,
            "p(99)": 0.20195,
            "max": 0.20195,
            "avg": 0.20195,
            "min": 0.20195,
            "med": 0.20195,
            "p(90)": 0.20195
        },
        "http_req_duration{endpoint:pwd_change_confirm}": {
            "p(95)": 90.095494,
            "p(99)": 90.095494,
            "max": 90.095494,
            "avg": 90.095494,
            "min": 90.095494,
            "med": 90.095494,
            "p(90)": 90.095494,
            "thresholds": {
                "p(95)<1200": false
            }
        },
        "data_sent": {
            "count": 608,
            "rate": 6616.318514100223
        },
        "http_req_failed{endpoint:pwd_change_confirm}": {
            "passes": 1,
            "fails": 0,
            "thresholds": {
                "rate<0.01": true
            },
            "value": 1
        }
    }
}